epoch,step,validation_epoch_average
0,599,0.23370255529880524
1,1199,0.16098110377788544
2,1799,0.12919728457927704
3,2399,0.11051225662231445
4,2999,0.09984884411096573
